<annotation>
	<folder>JPEGImages</folder>
	<filename>012080.jpg</filename>
	<path>/home/fz/workspace/dataset105/JPEGImages/012080.jpg</path>
	<source>
		<database>Unknown</database>
	</source>
	<size>
		<width>375</width>
		<height>500</height>
		<depth>1</depth>
	</size>
	<segmented>0</segmented>
	<object>
		<name>defect</name>
		<pose>Unspecified</pose>
		<truncated>0</truncated>
		<difficult>0</difficult>
		<bndbox>
			<xmin>120</xmin>
			<ymin>122</ymin>
			<xmax>195</xmax>
			<ymax>168</ymax>
		</bndbox>
	</object>
</annotation>
